0,1,
Abetalipoproteinemia,HMDB0000067,
Alkaptonuria,HMDB0000130,HGD
Asthma,HMDB0000039,BCHE
Asthma,HMDB0000042,ACOT12
Asthma,HMDB0000892,ACSM1
Cachexia,HMDB0000929,DDC
Cholelithiasis,HMDB0000067,CEL
Cystinosis,HMDB0000067,CYP7A1
Cystinuria,HMDB0000192,CTH
Cystinuria,HMDB0000517,ARG1
Cystinuria,HMDB0000214,ARG1
Dementia,HMDB0000742,AHCYL2
Donohue Syndrome,HMDB0000067,
Eczema,HMDB0001198,GGT1
Encephalitis,HMDB0001336,ALDH1A3
Enteritis,HMDB0000042,ACSS1
Enteritis,HMDB0000039,BCHE
Enteritis,HMDB0001398,COMT
Epilepsy,HMDB0000161,ABAT
Epilepsy,HMDB0000904,ASS1
Epilepsy,HMDB0000148,ABAT
Epilepsy,HMDB0000177,DDC
Epilepsy,HMDB0000696,MTR
Epilepsy,HMDB0000929,DDC
Epilepsy,HMDB0000112,ABAT
Epilepsy,HMDB0000118,COMT
Epilepsy,HMDB0001490,COMT
Fibromyalgia,HMDB0002274,
Fibromyalgia,HMDB0000121,GNMT
Gout,HMDB0000042,PON1
Gout,HMDB0000161,GPT
Gout,HMDB0000904,PADI2
Homocystinuria,HMDB0000696,MAT2A
Homocystinuria,HMDB0000742,BHMT
Hydrocephalus,HMDB0001198,GGT1
Hyperargininemia,HMDB0000517,ARG1
Hyperargininemia,HMDB0000670,
Hypercholesterolemia,HMDB0000885,LIPA
Hypercholesterolemia,HMDB0000067,LIPA
Hyperekplexia,HMDB0000112,
Hypertension,HMDB0000076,DPYS
Hypertension,HMDB0000300,DPYD
Hypothyroidism,HMDB0001336,ALDH3B1
Hypothyroidism,HMDB0000118,ALDH3A1
Hypothyroidism,HMDB0000929,DDC
Ileostomy,HMDB0005760,
Ileostomy,HMDB0004629,
Ileostomy,HMDB0005897,
Ketosis,HMDB0000060,FAH
Leukemia,HMDB0000161,ABAT
Leukemia,HMDB0000517,ASL
Leukemia,HMDB0000148,ABAT
Leukemia,HMDB0000177,CNDP1
Leukemia,HMDB0000696,MTHFR
Leukemia,HMDB0000214,OAT
Leukemia,HMDB0000929,WARS2
Lipodystrophy,HMDB0000067,
"Lipodystrophy, Congenital Generalized",HMDB0000067,
Meningitis,HMDB0000060,HMGCL
Meningitis,HMDB0000161,ABAT
Meningitis,HMDB0000112,ABAT
Meningitis,HMDB0000294,ARG1
Narcolepsy,HMDB0000118,COMT
Obesity,HMDB0001319,PNPO
Obesity,HMDB0000148,ALDH4A1
Obesity,HMDB0000696,MTR
Obesity,HMDB0000517,ARG1
Obesity,HMDB0000177,DDC
Obesity,HMDB0000214,ARG1
Obesity,HMDB0000929,DDC
Osteoarthritis,HMDB0003276,CTH
Pregnancy,HMDB0000343,
Pregnancy,HMDB0000607,
Pregnancy,HMDB0002174,
Pregnancy,HMDB0000008,
Pregnancy,HMDB0000042,
Pregnancy,HMDB0000060,
Pregnancy,HMDB0000064,
Pregnancy,HMDB0000161,
Pregnancy,HMDB0000214,
Pregnancy,HMDB0000517,
Pregnancy,HMDB0000691,
Pregnancy,HMDB0000696,
Pregnancy,HMDB0000754,
Pregnancy,HMDB0001873,
Prolactinoma,HMDB0000010,
Rhabdomyolysis,HMDB0000064,
Schizophrenia,HMDB0000118,COMT
Schizophrenia,HMDB0001490,COMT
Schizophrenia,HMDB0000929,DDC
Schizophrenia,HMDB0000148,ALDH4A1
Schizophrenia,HMDB0000063,CYP11B1
Schizophrenia,HMDB0003406,PSPH
Schizophrenia,HMDB0000161,ABAT
Schizophrenia,HMDB0000904,ASS1
Schizophrenia,HMDB0000696,MTR
Schizophrenia,HMDB0000517,ARG1
Schizophrenia,HMDB0000064,GAMT
Schizophrenia,HMDB0000177,DDC
Schizophrenia,HMDB0000008,DLD
Schizophrenia,HMDB0000192,CTH
Schizophrenia,HMDB0000510,ALDH7A1
Schizophrenia,HMDB0000128,GAMT
Schizophrenia,HMDB0000452,GATM
Schizophrenia,HMDB0000208,DLD
Schizophrenia,HMDB0000067,LCAT
Schizophrenia,HMDB0000060,HMGCL
Schizophrenia,HMDB0000214,ARG1
Sepsis,HMDB0005006,PON1
Sepsis,HMDB0000258,
Sepsis,HMDB0000148,ALDH4A1
Sepsis,HMDB0000042,HMGCL
Sepsis,HMDB0000015,CYP11B1
Sepsis,HMDB0000929,DDC
Smoking,HMDB0001888,REN
Stroke,HMDB0001476,KYNU
Stroke,HMDB0000742,MTR
Tuberculosis,HMDB0000161,ABAT
Uremia,HMDB0000214,ARG1
Uremia,HMDB0001123,KYNU
Uremia,HMDB0000128,GAMT
Uremia,HMDB0005994,CYP11A1
Uremia,HMDB0000742,MTR
Uremia,HMDB0000682,AHR
Uremia,HMDB0000064,GAMT
Uremia,HMDB0000092,DMGDH
Uremia,HMDB0000294,ARG1
Uremia,HMDB0000300,DPYD
Uremia,HMDB0000767,PUS1
Uremia,HMDB0003464,GAMT